name,label
melanoma/00000004.jpg,melanoma
melanoma/00000001.jpg,melanoma
melanoma/00000005.jpg,melanoma
melanoma/00000006.jpg,melanoma
melanoma/00000002.jpg,melanoma
melanoma/00000003.jpg,melanoma
melanoma/00000008.jpg,melanoma
melanoma/00000013.jpg,melanoma
melanoma/00000007.jpg,melanoma
melanoma/00000016.jpg,melanoma
melanoma/00000012.jpg,melanoma
melanoma/00000018.jpg,melanoma
melanoma/00000010.jpg,melanoma
melanoma/00000014.png,melanoma
melanoma/00000009.jpg,melanoma
melanoma/00000015.jpg,melanoma
melanoma/00000021.jpg,melanoma
melanoma/00000022.jpeg,melanoma
melanoma/00000017.jpg,melanoma
melanoma/00000020.png,melanoma
melanoma/00000023.jpg,melanoma
melanoma/00000019.jpg,melanoma
melanoma/00000000.jpg,melanoma
melanoma/00000026.jpg,melanoma
melanoma/00000025.gif,melanoma
melanoma/00000028.jpg,melanoma
melanoma/00000027.jpg,melanoma
melanoma/00000029.jpg,melanoma
melanoma/00000031.jpg,melanoma
melanoma/00000034.jpeg,melanoma
melanoma/00000024.jpg,melanoma
melanoma/00000035.jpg,melanoma
melanoma/00000032.jpg,melanoma
melanoma/00000033.jpg,melanoma
melanoma/00000040.jpg,melanoma
melanoma/00000038.jpg,melanoma
melanoma/00000036.png,melanoma
melanoma/00000037.jpg,melanoma
melanoma/00000042.jpg,melanoma
melanoma/00000039.jpg,melanoma
melanoma/00000045.png,melanoma
melanoma/00000046.jpg,melanoma
melanoma/00000051.jpg,melanoma
melanoma/00000048.jpg,melanoma
melanoma/00000049.jpg,melanoma
melanoma/00000054.jpg,melanoma
melanoma/00000053.jpg,melanoma
melanoma/00000061.jpg,melanoma
melanoma/00000050.png,melanoma
melanoma/00000056.jpg,melanoma
melanoma/00000057.jpg,melanoma
melanoma/00000063.jpg,melanoma
melanoma/00000059.jpg,melanoma
melanoma/00000044.jpg,melanoma
melanoma/00000070.jpg,melanoma
melanoma/00000065.jpg,melanoma
melanoma/00000068.png,melanoma
melanoma/00000064.jpg,melanoma
melanoma/00000067.png,melanoma
melanoma/00000058.jpg,melanoma
melanoma/00000072.jpg,melanoma
melanoma/00000074.jpg,melanoma
melanoma/00000076.jpg,melanoma
melanoma/00000079.png,melanoma
melanoma/00000060.jpg,melanoma
melanoma/00000073.png,melanoma
melanoma/00000066.jpg,melanoma
melanoma/00000069.jpg,melanoma
melanoma/00000083.jpg,melanoma
melanoma/00000081.jpg,melanoma
melanoma/00000086.png,melanoma
melanoma/00000077.jpg,melanoma
melanoma/00000084.jpeg,melanoma
melanoma/00000082.jpg,melanoma
melanoma/00000080.jpg,melanoma
melanoma/00000089.jpg,melanoma
melanoma/00000090.jpg,melanoma
melanoma/00000078.jpg,melanoma
melanoma/00000091.jpg,melanoma
melanoma/00000087.jpg,melanoma
melanoma/00000085.png,melanoma
melanoma/00000099.jpg,melanoma
melanoma/00000088.png,melanoma
melanoma/00000097.jpg,melanoma
melanoma/00000096.jpg,melanoma
melanoma/00000094.jpg,melanoma
melanoma/00000075.jpg,melanoma
melanoma/00000107.jpg,melanoma
melanoma/00000106.jpg,melanoma
melanoma/00000101.jpg,melanoma
melanoma/00000108.jpg,melanoma
melanoma/00000110.jpg,melanoma
melanoma/00000103.jpg,melanoma
melanoma/00000095.png,melanoma
melanoma/00000111.png,melanoma
melanoma/00000104.jpg,melanoma
melanoma/00000112.png,melanoma
melanoma/00000113.jpg,melanoma
melanoma/00000114.jpg,melanoma
melanoma/00000120.jpg,melanoma
melanoma/00000118.jpg,melanoma
melanoma/00000116.jpg,melanoma
melanoma/00000115.jpg,melanoma
melanoma/00000121.jpg,melanoma
melanoma/00000119.png,melanoma
melanoma/00000122.jpg,melanoma
melanoma/00000131.jpg,melanoma
melanoma/00000127.jpg,melanoma
melanoma/00000129.jpg,melanoma
melanoma/00000123.jpg,melanoma
melanoma/00000124.gif,melanoma
melanoma/00000125.jpg,melanoma
melanoma/00000130.jpg,melanoma
melanoma/00000134.jpg,melanoma
melanoma/00000133.jpg,melanoma
melanoma/00000132.jpg,melanoma
melanoma/00000135.jpg,melanoma
melanoma/00000139.jpg,melanoma
melanoma/00000136.jpg,melanoma
melanoma/00000128.jpg,melanoma
melanoma/00000144.jpg,melanoma
melanoma/00000140.png,melanoma
melanoma/00000137.jpg,melanoma
melanoma/00000138.jpg,melanoma
melanoma/00000142.jpg,melanoma
melanoma/00000146.png,melanoma
melanoma/00000143.png,melanoma
melanoma/00000147.jpg,melanoma
melanoma/00000155.jpg,melanoma
melanoma/00000153.jpg,melanoma
melanoma/00000148.JPG,melanoma
melanoma/00000145.jpg,melanoma
melanoma/00000152.png,melanoma
melanoma/00000156.jpg,melanoma
melanoma/00000151.jpg,melanoma
melanoma/00000149.png,melanoma
melanoma/00000141.jpg,melanoma
melanoma/00000150.jpg,melanoma
melanoma/00000154.jpg,melanoma
melanoma/00000166.jpg,melanoma
melanoma/00000163.jpg,melanoma
melanoma/00000158.jpg,melanoma
melanoma/00000159.jpg,melanoma
melanoma/00000160.jpg,melanoma
melanoma/00000164.jpg,melanoma
melanoma/00000175.jpg,melanoma
melanoma/00000168.jpg,melanoma
melanoma/00000169.jpg,melanoma
melanoma/00000174.jpg,melanoma
melanoma/00000173.jpg,melanoma
melanoma/00000165.png,melanoma
melanoma/00000179.jpg,melanoma
melanoma/00000182.jpg,melanoma
melanoma/00000167.jpg,melanoma
melanoma/00000180.jpg,melanoma
melanoma/00000176.jpg,melanoma
melanoma/00000181.jpg,melanoma
melanoma/00000161.jpg,melanoma
melanoma/00000178.jpg,melanoma
melanoma/00000183.jpg,melanoma
melanoma/00000177.jpg,melanoma
melanoma/00000171.png,melanoma
melanoma/00000188.png,melanoma
melanoma/00000197.jpg,melanoma
melanoma/00000193.jpg,melanoma
melanoma/00000190.jpg,melanoma
melanoma/00000192.png,melanoma
melanoma/00000194.png,melanoma
melanoma/00000191.jpg,melanoma
melanoma/00000198.jpg,melanoma
melanoma/00000186.jpg,melanoma
melanoma/00000199.jpg,melanoma
melanoma/00000206.JPG,melanoma
melanoma/00000200.jpg,melanoma
melanoma/00000208.jpg,melanoma
melanoma/00000202.jpeg,melanoma
melanoma/00000204.jpg,melanoma
melanoma/00000214.jpg,melanoma
melanoma/00000213.jpg,melanoma
melanoma/00000209.gif,melanoma
melanoma/00000211.jpg,melanoma
melanoma/00000217.jpg,melanoma
melanoma/00000216.jpg,melanoma
melanoma/00000212.jpg,melanoma
melanoma/00000225.gif,melanoma
melanoma/00000218.jpg,melanoma
melanoma/00000224.jpg,melanoma
melanoma/00000195.jpeg,melanoma
melanoma/00000205.jpeg,melanoma
melanoma/00000219.jpg,melanoma
melanoma/00000229.jpg,melanoma
melanoma/00000215.png,melanoma
melanoma/00000223.jpg,melanoma
melanoma/00000228.jpg,melanoma
melanoma/00000221.png,melanoma
melanoma/00000227.jpg,melanoma
melanoma/00000226.jpg,melanoma
melanoma/00000234.jpg,melanoma
melanoma/00000237.png,melanoma
melanoma/00000232.jpg,melanoma
melanoma/00000231.JPG,melanoma
melanoma/00000236.jpg,melanoma
melanoma/00000235.jpg,melanoma
melanoma/00000239.jpg,melanoma
melanoma/00000240.jpg,melanoma
melanoma/00000230.jpg,melanoma
melanoma/00000242.jpg,melanoma
melanoma/00000241.jpg,melanoma
melanoma/00000243.jpg,melanoma
melanoma/00000244.jpg,melanoma
melanoma/00000255.jpg,melanoma
melanoma/00000250.jpg,melanoma
melanoma/00000248.jpg,melanoma
melanoma/00000233.jpg,melanoma
melanoma/00000247.jpg,melanoma
melanoma/00000254.jpg,melanoma
melanoma/00000251.jpg,melanoma
melanoma/00000253.jpg,melanoma
melanoma/00000257.jpg,melanoma
melanoma/00000258.jpg,melanoma
melanoma/00000259.png,melanoma
melanoma/00000256.jpg,melanoma
melanoma/00000246.jpg,melanoma
melanoma/00000272.jpg,melanoma
melanoma/00000269.jpg,melanoma
melanoma/00000264.JPG,melanoma
melanoma/00000263.jpg,melanoma
melanoma/00000268.png,melanoma
melanoma/00000266.png,melanoma
melanoma/00000267.png,melanoma
melanoma/00000270.jpg,melanoma
melanoma/00000265.jpg,melanoma
melanoma/00000262.png,melanoma
melanoma/00000273.jpg,melanoma
melanoma/00000271.jpg,melanoma
melanoma/00000275.jpg,melanoma
melanoma/00000277.jpg,melanoma
melanoma/00000276.jpg,melanoma
melanoma/00000279.jpg,melanoma
melanoma/00000278.jpg,melanoma
melanoma/00000274.jpg,melanoma
melanoma/00000281.jpg,melanoma
melanoma/00000283.jpg,melanoma
melanoma/00000291.jpg,melanoma
melanoma/00000290.jpg,melanoma
melanoma/00000288.jpg,melanoma
melanoma/00000289.jpg,melanoma
melanoma/00000296.jpg,melanoma
melanoma/00000282.jpg,melanoma
melanoma/00000295.png,melanoma
melanoma/00000284.jpg,melanoma
melanoma/00000285.jpg,melanoma
melanoma/00000280.jpg,melanoma
melanoma/00000286.png,melanoma
melanoma/00000297.jpg,melanoma
melanoma/00000299.jpg,melanoma
melanoma/00000300.jpg,melanoma
melanoma/00000292.png,melanoma
melanoma/00000302.jpg,melanoma
melanoma/00000298.jpg,melanoma
melanoma/00000287.jpg,melanoma
melanoma/00000301.jpg,melanoma
melanoma/00000303.jpg,melanoma
melanoma/00000310.png,melanoma
melanoma/00000308.jpg,melanoma
melanoma/00000304.jpg,melanoma
melanoma/00000306.jpg,melanoma
melanoma/00000309.jpg,melanoma
melanoma/00000311.jpg,melanoma
melanoma/00000315.png,melanoma
melanoma/00000312.jpg,melanoma
melanoma/00000316.jpg,melanoma
melanoma/00000319.jpg,melanoma
melanoma/00000317.jpg,melanoma
melanoma/00000326.jpg,melanoma
melanoma/00000321.png,melanoma
melanoma/00000325.jpg,melanoma
melanoma/00000331.jpg,melanoma
melanoma/00000318.jpg,melanoma
melanoma/00000327.jpg,melanoma
melanoma/00000314.jpg,melanoma
melanoma/00000322.jpg,melanoma
melanoma/00000324.jpeg,melanoma
melanoma/00000313.jpg,melanoma
melanoma/00000334.jpg,melanoma
melanoma/00000335.jpg,melanoma
melanoma/00000332.jpg,melanoma
melanoma/00000340.png,melanoma
melanoma/00000336.gif,melanoma
melanoma/00000344.jpg,melanoma
melanoma/00000342.jpg,melanoma
melanoma/00000333.jpg,melanoma
melanoma/00000341.jpg,melanoma
melanoma/00000348.jpg,melanoma
melanoma/00000350.png,melanoma
melanoma/00000347.jpg,melanoma
melanoma/00000346.jpg,melanoma
melanoma/00000345.png,melanoma
melanoma/00000343.jpg,melanoma
melanoma/00000349.jpg,melanoma
melanoma/00000354.jpg,melanoma
melanoma/00000352.jpg,melanoma
melanoma/00000351.jpg,melanoma
melanoma/00000357.jpg,melanoma
melanoma/00000353.png,melanoma
melanoma/00000358.PNG,melanoma
melanoma/00000360.png,melanoma
melanoma/00000365.jpg,melanoma
melanoma/00000366.jpg,melanoma
melanoma/00000367.jpg,melanoma
melanoma/00000356.jpeg,melanoma
melanoma/00000361.jpg,melanoma
melanoma/00000364.jpg,melanoma
melanoma/00000368.jpg,melanoma
melanoma/00000359.jpeg,melanoma
melanoma/00000371.jpg,melanoma
melanoma/00000380.jpg,melanoma
melanoma/00000370.jpg,melanoma
melanoma/00000373.jpg,melanoma
melanoma/00000374.gif,melanoma
melanoma/00000375.jpg,melanoma
melanoma/00000382.jpg,melanoma
melanoma/00000389.jpg,melanoma
melanoma/00000384.jpg,melanoma
melanoma/00000377.jpg,melanoma
melanoma/00000385.jpg,melanoma
melanoma/00000387.jpg,melanoma
melanoma/00000390.jpg,melanoma
melanoma/00000394.jpg,melanoma
melanoma/00000392.jpg,melanoma
melanoma/00000395.jpg,melanoma
melanoma/00000393.png,melanoma
melanoma/00000398.jpg,melanoma
melanoma/00000376.jpg,melanoma
melanoma/00000383.jpg,melanoma
melanoma/00000362.jpg,melanoma
melanoma/00000396.jpg,melanoma
melanoma/00000055.jpg,melanoma
melanoma/00000252.jpg,melanoma
measles/00000000.jpg,measles
measles/00000006.jpg,measles
measles/00000009.jpg,measles
measles/00000013.jpg,measles
measles/00000011.jpg,measles
measles/00000017.JPG,measles
measles/00000020.jpg,measles
measles/00000028.jpg,measles
measles/00000029.jpg,measles
measles/00000033.jpg,measles
measles/00000039.jpg,measles
measles/00000037.jpg,measles
measles/00000053.jpg,measles
measles/00000060.jpg,measles
measles/00000044.jpg,measles
measles/00000056.jpg,measles
measles/00000076.jpg,measles
measles/00000069.jpg,measles
measles/00000071.jpg,measles
measles/00000092.jpg,measles
measles/00000089.jpg,measles
measles/00000120.jpg,measles
measles/00000100.jpg,measles
measles/00000119.jpg,measles
measles/00000111.jpg,measles
measles/00000095.jpg,measles
measles/00000128.jpg,measles
measles/00000112.jpg,measles
measles/00000136.jpeg,measles
measles/00000096.jpg,measles
measles/00000135.jpg,measles
measles/00000104.jpg,measles
measles/00000097.png,measles
measles/00000106.jpg,measles
measles/00000087.jpg,measles
measles/00000129.jpg,measles
measles/00000103.jpg,measles
measles/00000109.jpg,measles
measles/00000107.jpg,measles
measles/00000091.jpg,measles
measles/00000113.jpg,measles
measles/00000121.jpg,measles
measles/00000090.jpg,measles
measles/00000123.jpg,measles
measles/00000116.jpg,measles
measles/00000105.JPG,measles
measles/00000115.jpg,measles
measles/00000122.jpg,measles
measles/00000117.png,measles
measles/00000127.jpg,measles
measles/00000114.jpg,measles
measles/00000093.jpg,measles
measles/00000126.jpg,measles
measles/00000130.jpg,measles
measles/00000118.jpg,measles
measles/00000132.jpg,measles
measles/00000124.jpg,measles
measles/00000134.jpg,measles
measles/00000137.jpg,measles
measles/00000133.jpg,measles
measles/00000138.jpg,measles
measles/00000156.jpg,measles
measles/00000146.jpg,measles
measles/00000142.jpg,measles
measles/00000141.jpg,measles
measles/00000148.jpg,measles
measles/00000144.jpg,measles
measles/00000147.jpg,measles
measles/00000139.jpg,measles
measles/00000158.jpg,measles
measles/00000152.png,measles
measles/00000149.jpg,measles
measles/00000157.jpg,measles
measles/00000166.jpg,measles
measles/00000159.jpg,measles
measles/00000153.jpg,measles
measles/00000162.jpg,measles
measles/00000161.jpeg,measles
measles/00000164.jpg,measles
measles/00000163.jpg,measles
measles/00000151.jpg,measles
measles/00000169.jpg,measles
measles/00000170.jpg,measles
measles/00000173.jpg,measles
measles/00000183.jpg,measles
measles/00000168.jpg,measles
measles/00000178.jpg,measles
measles/00000175.jpg,measles
measles/00000176.jpg,measles
measles/00000180.jpg,measles
measles/00000179.jpg,measles
measles/00000177.jpg,measles
measles/00000181.jpeg,measles
measles/00000187.jpg,measles
measles/00000190.jpg,measles
measles/00000192.png,measles
measles/00000186.jpg,measles
measles/00000197.jpg,measles
measles/00000194.png,measles
measles/00000172.gif,measles
measles/00000199.jpg,measles
measles/00000193.jpg,measles
measles/00000198.jpg,measles
measles/00000204.jpg,measles
measles/00000203.jpg,measles
measles/00000205.jpg,measles
measles/00000200.jpg,measles
measles/00000208.jpg,measles
measles/00000206.jpg,measles
measles/00000196.jpg,measles
measles/00000211.jpg,measles
measles/00000213.jpg,measles
measles/00000207.png,measles
measles/00000191.jpg,measles
measles/00000214.jpg,measles
measles/00000201.jpg,measles
measles/00000215.jpg,measles
measles/00000217.jpg,measles
measles/00000212.jpg,measles
measles/00000216.jpg,measles
measles/00000220.jpg,measles
measles/00000221.jpg,measles
measles/00000222.jpg,measles
measles/00000224.jpg,measles
measles/00000223.jpg,measles
measles/00000218.jpg,measles
measles/00000229.jpg,measles
measles/00000228.jpg,measles
measles/00000231.png,measles
measles/00000189.jpg,measles
measles/00000226.png,measles
measles/00000225.jpg,measles
measles/00000233.jpg,measles
measles/00000236.jpg,measles
measles/00000235.jpg,measles
measles/00000238.jpg,measles
measles/00000240.jpg,measles
measles/00000234.jpg,measles
measles/00000237.jpg,measles
measles/00000245.jpg,measles
measles/00000241.jpg,measles
measles/00000244.jpg,measles
measles/00000243.jpg,measles
measles/00000239.jpg,measles
measles/00000247.png,measles
measles/00000242.jpg,measles
measles/00000248.jpeg,measles
measles/00000246.jpg,measles
measles/00000249.jpg,measles
measles/00000230.jpg,measles
measles/00000250.jpg,measles
measles/00000251.jpg,measles
measles/00000252.jpg,measles
measles/00000253.jpg,measles
measles/00000255.jpg,measles
measles/00000254.jpg,measles
measles/00000258.jpg,measles
measles/00000257.png,measles
measles/00000256.jpg,measles
measles/00000260.jpg,measles
measles/00000259.jpg,measles
measles/00000261.jpg,measles
measles/00000262.jpg,measles
measles/00000263.jpg,measles
measles/00000268.jpg,measles
measles/00000264.jpg,measles
measles/00000265.jpg,measles
measles/00000270.jpg,measles
measles/00000271.jpg,measles
measles/00000269.jpg,measles
measles/00000272.jpg,measles
measles/00000273.png,measles
measles/00000274.jpg,measles
measles/00000276.jpg,measles
measles/00000280.jpg,measles
measles/00000282.jpg,measles
measles/00000278.jpg,measles
measles/00000277.jpg,measles
measles/00000279.jpg,measles
measles/00000281.jpg,measles
measles/00000285.jpg,measles
measles/00000286.jpg,measles
measles/00000289.jpg,measles
measles/00000288.jpg,measles
measles/00000283.jpg,measles
measles/00000290.jpg,measles
measles/00000291.jpg,measles
measles/00000293.jpg,measles
measles/00000284.jpg,measles
measles/00000294.jpg,measles
measles/00000287.jpg,measles
measles/00000297.jpg,measles
measles/00000296.jpg,measles
measles/00000299.jpg,measles
measles/00000275.jpg,measles
measles/00000300.jpg,measles
measles/00000301.jpg,measles
measles/00000302.jpg,measles
measles/00000303.jpg,measles
measles/00000306.jpg,measles
measles/00000295.jpg,measles
measles/00000292.jpg,measles
measles/00000304.jpg,measles
measles/00000305.jpg,measles
measles/00000307.jpg,measles
measles/00000309.jpeg,measles
measles/00000313.jpg,measles
measles/00000312.jpg,measles
measles/00000308.jpg,measles
measles/00000316.jpg,measles
measles/00000310.jpg,measles
measles/00000311.jpg,measles
measles/00000315.jpg,measles
measles/00000314.jpg,measles
measles/00000319.jpg,measles
measles/00000318.jpg,measles
measles/00000317.jpg,measles
measles/00000298.jpg,measles
measles/00000005.jpg,measles
measles/00000010.jpg,measles
measles/00000016.jpg,measles
measles/00000003.jpg,measles
measles/00000007.jpg,measles
measles/00000002.jpg,measles
measles/00000014.jpg,measles
measles/00000004.jpg,measles
measles/00000026.jpg,measles
measles/00000025.jpg,measles
measles/00000019.jpg,measles
measles/00000015.jpg,measles
measles/00000008.jpg,measles
measles/00000018.jpg,measles
measles/00000024.jpg,measles
measles/00000032.jpg,measles
measles/00000038.jpg,measles
measles/00000023.jpg,measles
measles/00000022.jpg,measles
measles/00000027.jpg,measles
measles/00000036.jpg,measles
measles/00000034.jpg,measles
measles/00000042.jpg,measles
measles/00000050.jpg,measles
measles/00000046.jpg,measles
measles/00000031.jpg,measles
measles/00000048.jpg,measles
measles/00000021.jpg,measles
measles/00000035.jpg,measles
measles/00000054.jpg,measles
measles/00000041.jpg,measles
measles/00000055.jpeg,measles
measles/00000052.jpg,measles
measles/00000040.jpg,measles
measles/00000051.jpg,measles
measles/00000062.jpg,measles
measles/00000047.jpg,measles
measles/00000059.jpg,measles
measles/00000065.jpg,measles
measles/00000073.jpg,measles
measles/00000066.jpg,measles
measles/00000058.jpg,measles
measles/00000074.jpg,measles
measles/00000067.jpg,measles
measles/00000063.jpg,measles
measles/00000082.jpg,measles
measles/00000077.jpg,measles
measles/00000085.jpg,measles
measles/00000064.jpg,measles
measles/00000075.jpg,measles
measles/00000084.jpg,measles
measles/00000080.jpg,measles
measles/00000079.jpg,measles
measles/00000072.jpg,measles
measles/00000088.jpg,measles
measles/00000083.jpg,measles
measles/00000094.jpg,measles
measles/00000061.jpg,measles
measles/00000070.jpg,measles
measles/00000078.jpg,measles
measles/00000086.png,measles
measles/00000057.jpg,measles
measles/00000099.png,measles
measles/00000108.jpg,measles
measles/00000098.jpg,measles
measles/00000101.jpg,measles
measles/00000045.jpg,measles
measles/00000043.jpg,measles
measles/00000165.jpg,measles
eczema/00000006.png,eczema
eczema/00000001.jpg,eczema
eczema/00000028.jpg,eczema
eczema/00000035.jpg,eczema
eczema/00000036.jpg,eczema
eczema/00000050.jpg,eczema
eczema/00000057.jpg,eczema
eczema/00000059.jpg,eczema
eczema/00000054.jpg,eczema
eczema/00000065.jpg,eczema
eczema/00000032.jpg,eczema
eczema/00000074.jpg,eczema
eczema/00000076.jpg,eczema
eczema/00000080.jpg,eczema
eczema/00000082.jpg,eczema
eczema/00000077.jpg,eczema
eczema/00000073.png,eczema
eczema/00000085.jpg,eczema
eczema/00000083.jpg,eczema
eczema/00000089.jpg,eczema
eczema/00000102.jpg,eczema
eczema/00000107.jpg,eczema
eczema/00000109.jpg,eczema
eczema/00000115.jpg,eczema
eczema/00000114.jpg,eczema
eczema/00000119.jpg,eczema
eczema/00000124.jpg,eczema
eczema/00000122.jpg,eczema
eczema/00000127.jpg,eczema
eczema/00000139.jpg,eczema
eczema/00000140.jpg,eczema
eczema/00000143.jpg,eczema
eczema/00000142.jpg,eczema
eczema/00000156.jpg,eczema
eczema/00000132.jpg,eczema
eczema/00000162.jpg,eczema
eczema/00000164.jpg,eczema
eczema/00000167.jpg,eczema
eczema/00000181.jpg,eczema
eczema/00000180.jpg,eczema
eczema/00000186.jpg,eczema
eczema/00000201.jpg,eczema
eczema/00000224.jpg,eczema
eczema/00000223.jpg,eczema
eczema/00000222.JPG,eczema
eczema/00000187.jpg,eczema
eczema/00000227.jpg,eczema
eczema/00000226.png,eczema
eczema/00000229.jpg,eczema
eczema/00000236.jpg,eczema
eczema/00000232.jpg,eczema
eczema/00000216.jpg,eczema
eczema/00000253.jpg,eczema
eczema/00000248.jpg,eczema
eczema/00000255.jpg,eczema
eczema/00000256.jpg,eczema
eczema/00000263.jpg,eczema
eczema/00000280.jpg,eczema
eczema/00000279.jpg,eczema
eczema/00000287.png,eczema
eczema/00000284.jpg,eczema
eczema/00000294.jpg,eczema
eczema/00000301.jpg,eczema
eczema/00000293.jpg,eczema
eczema/00000314.jpg,eczema
eczema/00000319.jpg,eczema
eczema/00000325.jpg,eczema
eczema/00000340.jpg,eczema
eczema/00000335.jpg,eczema
eczema/00000342.jpg,eczema
eczema/00000344.jpg,eczema
eczema/00000346.jpeg,eczema
eczema/00000360.jpg,eczema
eczema/00000356.jpg,eczema
eczema/00000351.jpg,eczema
eczema/00000362.jpg,eczema
eczema/00000366.jpeg,eczema
eczema/00000368.jpg,eczema
eczema/00000361.jpg,eczema
eczema/00000378.png,eczema
eczema/00000381.jpg,eczema
eczema/00000391.jpg,eczema
eczema/00000384.jpg,eczema
eczema/00000390.jpg,eczema
eczema/00000386.png,eczema
eczema/00000399.jpg,eczema
eczema/00000000.jpg,eczema
eczema/00000005.jpg,eczema
eczema/00000011.jpg,eczema
eczema/00000008.jpg,eczema
eczema/00000013.jpg,eczema
eczema/00000015.jpg,eczema
eczema/00000002.jpg,eczema
eczema/00000017.jpg,eczema
eczema/00000023.jpg,eczema
eczema/00000024.jpg,eczema
eczema/00000021.jpg,eczema
eczema/00000020.jpg,eczema
eczema/00000003.jpg,eczema
eczema/00000009.jpg,eczema
eczema/00000004.jpg,eczema
eczema/00000016.jpg,eczema
eczema/00000031.jpg,eczema
eczema/00000014.jpg,eczema
eczema/00000022.jpg,eczema
eczema/00000012.jpg,eczema
eczema/00000030.jpg,eczema
eczema/00000027.jpg,eczema
eczema/00000010.jpeg,eczema
eczema/00000040.jpg,eczema
eczema/00000038.jpg,eczema
eczema/00000025.jpg,eczema
eczema/00000034.jpg,eczema
eczema/00000037.jpg,eczema
eczema/00000018.JPG,eczema
eczema/00000041.jpg,eczema
eczema/00000042.jpg,eczema
eczema/00000046.jpg,eczema
eczema/00000044.jpg,eczema
eczema/00000045.jpg,eczema
eczema/00000026.jpg,eczema
eczema/00000053.jpg,eczema
eczema/00000051.gif,eczema
eczema/00000048.jpg,eczema
eczema/00000058.jpg,eczema
eczema/00000067.jpg,eczema
eczema/00000055.jpg,eczema
eczema/00000047.jpg,eczema
eczema/00000043.jpg,eczema
eczema/00000063.jpg,eczema
eczema/00000061.png,eczema
eczema/00000062.jpg,eczema
eczema/00000052.jpg,eczema
eczema/00000064.jpg,eczema
eczema/00000068.jpg,eczema
eczema/00000066.jpg,eczema
eczema/00000007.jpg,eczema
eczema/00000049.jpg,eczema
eczema/00000072.jpg,eczema
eczema/00000070.jpg,eczema
eczema/00000084.jpg,eczema
eczema/00000056.jpg,eczema
eczema/00000081.jpg,eczema
eczema/00000033.jpg,eczema
eczema/00000071.png,eczema
eczema/00000079.jpg,eczema
eczema/00000069.JPG,eczema
eczema/00000094.jpg,eczema
eczema/00000098.jpg,eczema
eczema/00000087.jpg,eczema
eczema/00000088.jpg,eczema
eczema/00000091.jpg,eczema
eczema/00000086.jpg,eczema
eczema/00000099.jpg,eczema
eczema/00000090.jpg,eczema
eczema/00000096.jpg,eczema
eczema/00000029.jpg,eczema
eczema/00000103.jpg,eczema
eczema/00000106.jpg,eczema
eczema/00000092.jpg,eczema
eczema/00000093.jpg,eczema
eczema/00000111.jpg,eczema
eczema/00000117.jpg,eczema
eczema/00000108.jpg,eczema
eczema/00000116.jpg,eczema
eczema/00000075.jpg,eczema
eczema/00000120.jpg,eczema
eczema/00000104.png,eczema
eczema/00000110.jpg,eczema
eczema/00000113.png,eczema
eczema/00000101.jpg,eczema
eczema/00000118.jpg,eczema
eczema/00000121.jpg,eczema
eczema/00000125.jpg,eczema
eczema/00000134.jpg,eczema
eczema/00000126.jpg,eczema
eczema/00000129.jpg,eczema
eczema/00000145.png,eczema
eczema/00000138.png,eczema
eczema/00000133.jpg,eczema
eczema/00000144.jpg,eczema
eczema/00000128.jpg,eczema
eczema/00000131.jpg,eczema
eczema/00000147.jpg,eczema
eczema/00000146.jpg,eczema
eczema/00000152.jpg,eczema
eczema/00000151.JPG,eczema
eczema/00000150.jpg,eczema
eczema/00000155.jpg,eczema
eczema/00000149.jpg,eczema
eczema/00000154.jpg,eczema
eczema/00000019.jpg,eczema
eczema/00000157.gif,eczema
eczema/00000161.jpg,eczema
eczema/00000163.jpg,eczema
eczema/00000176.jpg,eczema
eczema/00000141.jpg,eczema
eczema/00000173.jpeg,eczema
eczema/00000160.jpg,eczema
eczema/00000158.png,eczema
eczema/00000171.jpg,eczema
eczema/00000178.gif,eczema
eczema/00000169.jpg,eczema
eczema/00000165.jpg,eczema
eczema/00000174.jpg,eczema
eczema/00000183.jpg,eczema
eczema/00000184.jpg,eczema
eczema/00000177.jpg,eczema
eczema/00000172.jpg,eczema
eczema/00000170.png,eczema
eczema/00000166.jpg,eczema
eczema/00000188.jpg,eczema
eczema/00000185.png,eczema
eczema/00000130.JPG,eczema
eczema/00000192.jpg,eczema
eczema/00000095.jpg,eczema
eczema/00000190.png,eczema
eczema/00000193.jpg,eczema
eczema/00000199.jpg,eczema
eczema/00000194.jpg,eczema
eczema/00000197.jpg,eczema
eczema/00000189.jpg,eczema
eczema/00000202.jpg,eczema
eczema/00000191.jpg,eczema
eczema/00000100.jpg,eczema
eczema/00000182.jpg,eczema
eczema/00000198.jpg,eczema
eczema/00000195.jpg,eczema
eczema/00000207.jpg,eczema
eczema/00000203.jpg,eczema
eczema/00000211.jpg,eczema
eczema/00000208.jpg,eczema
eczema/00000210.jpg,eczema
eczema/00000204.jpg,eczema
eczema/00000209.jpg,eczema
eczema/00000200.jpg,eczema
eczema/00000215.jpg,eczema
eczema/00000219.jpg,eczema
eczema/00000212.jpg,eczema
eczema/00000221.jpg,eczema
eczema/00000213.jpg,eczema
eczema/00000225.png,eczema
eczema/00000175.jpg,eczema
eczema/00000220.jpg,eczema
eczema/00000179.jpg,eczema
eczema/00000231.jpg,eczema
eczema/00000242.jpg,eczema
eczema/00000234.jpg,eczema
eczema/00000233.jpg,eczema
eczema/00000230.jpg,eczema
eczema/00000235.jpg,eczema
eczema/00000228.jpeg,eczema
eczema/00000237.jpg,eczema
eczema/00000241.jpg,eczema
eczema/00000240.jpg,eczema
eczema/00000239.jpg,eczema
eczema/00000247.gif,eczema
eczema/00000244.jpg,eczema
eczema/00000243.jpg,eczema
eczema/00000249.jpg,eczema
eczema/00000251.png,eczema
eczema/00000245.jpg,eczema
eczema/00000264.jpg,eczema
eczema/00000257.jpg,eczema
eczema/00000254.jpeg,eczema
eczema/00000258.jpg,eczema
eczema/00000250.jpeg,eczema
eczema/00000260.jpg,eczema
eczema/00000246.jpg,eczema
eczema/00000265.jpg,eczema
eczema/00000268.jpg,eczema
eczema/00000252.jpg,eczema
eczema/00000266.jpg,eczema
eczema/00000269.jpg,eczema
eczema/00000262.JPG,eczema
eczema/00000270.jpg,eczema
eczema/00000282.png,eczema
eczema/00000261.png,eczema
eczema/00000273.jpg,eczema
eczema/00000271.jpg,eczema
eczema/00000274.jpg,eczema
eczema/00000277.jpg,eczema
eczema/00000267.png,eczema
eczema/00000276.gif,eczema
eczema/00000288.jpg,eczema
eczema/00000278.jpg,eczema
eczema/00000275.jpg,eczema
eczema/00000290.jpg,eczema
eczema/00000295.jpg,eczema
eczema/00000205.jpg,eczema
eczema/00000291.jpg,eczema
eczema/00000296.jpg,eczema
eczema/00000300.jpg,eczema
eczema/00000302.jpg,eczema
eczema/00000298.jpg,eczema
eczema/00000303.jpg,eczema
eczema/00000304.png,eczema
eczema/00000272.jpg,eczema
eczema/00000281.jpg,eczema
eczema/00000306.jpg,eczema
eczema/00000308.jpg,eczema
eczema/00000305.jpg,eczema
eczema/00000309.jpg,eczema
eczema/00000313.jpg,eczema
eczema/00000297.jpg,eczema
eczema/00000312.jpg,eczema
eczema/00000292.png,eczema
eczema/00000321.jpg,eczema
eczema/00000317.jpg,eczema
eczema/00000318.jpg,eczema
eczema/00000311.jpg,eczema
eczema/00000315.jpeg,eczema
eczema/00000322.jpg,eczema
eczema/00000323.jpg,eczema
eczema/00000320.jpg,eczema
eczema/00000339.jpg,eczema
eczema/00000326.jpg,eczema
eczema/00000327.jpg,eczema
eczema/00000333.jpg,eczema
eczema/00000334.jpg,eczema
eczema/00000330.jpg,eczema
eczema/00000337.png,eczema
eczema/00000324.jpg,eczema
eczema/00000338.jpg,eczema
eczema/00000328.jpg,eczema
eczema/00000336.jpg,eczema
eczema/00000347.gif,eczema
eczema/00000350.jpg,eczema
eczema/00000343.jpg,eczema
eczema/00000348.png,eczema
eczema/00000354.jpg,eczema
eczema/00000363.jpg,eczema
eczema/00000364.jpg,eczema
eczema/00000349.jpg,eczema
eczema/00000331.JPG,eczema
eczema/00000353.jpg,eczema
eczema/00000357.jpg,eczema
eczema/00000365.png,eczema
eczema/00000374.jpg,eczema
eczema/00000373.jpg,eczema
eczema/00000358.jpg,eczema
eczema/00000375.png,eczema
eczema/00000379.jpg,eczema
eczema/00000370.jpg,eczema
eczema/00000367.jpg,eczema
eczema/00000341.jpg,eczema
eczema/00000376.png,eczema
eczema/00000380.jpg,eczema
eczema/00000382.jpg,eczema
eczema/00000389.jpg,eczema
eczema/00000392.jpg,eczema
eczema/00000377.jpg,eczema
eczema/00000385.jpg,eczema
eczema/00000383.jpg,eczema
eczema/00000395.png,eczema
eczema/00000396.jpg,eczema
eczema/00000393.jpg,eczema
eczema/00000398.jpg,eczema
eczema/00000394.jpg,eczema
